Workbook

Sheet RAW DATA
A1: Client ID | B1: Staff ID | C1: Service Type | D1: Region | E1: Scheduled Hours | F1: Worked Hours | G1: Visit Status | H1: Missed Visit | I1: Week
A2: C001 | B2: Staff 01 | C2: Personal Care | D2: East | E2: 20 | F2: 18 | G2: Completed | H2: No | I2: 1
A3: C002 | B3: Staff 02 | C3: Nursing | D3: West | E3: 15 | F3: 11 | G3: Completed | H3: Yes | I3: 1
A4: C003 | B4: Staff 03 | C4: Personal Care | D4: East | E4: 25 | F4: 25 | G4: Completed | H4: No | I4: 1
A5: C004 | B5: Staff 04 | C5: Transportation | D5: North | E5: 10 | F5: 8 | G5: Completed | H5: Yes | I5: 1
A6: C005 | B6: Staff 05 | C6: Nursing | D6: South | E6: 30 | F6: 27 | G6: Completed | H6: No | I6: 1
A7: C006 | B7: Staff 06 | C7: Personal Care | D7: West | E7: 18 | F7: 15 | G7: Completed | H7: No | I7: 1
A8: C007 | B8: Staff 01 | C8: Nursing | D8: East | E8: 22 | F8: 20 | G8: Completed | H8: No | I8: 1
A9: C008 | B9: Staff 02 | C9: Personal Care | D9: South | E9: 16 | F9: 12 | G9: Completed | H9: Yes | I9: 1
A10: C009 | B10: Staff 03 | C10: Transportation | D10: North | E10: 12 | F10: 12 | G10: Completed | H10: No | I10: 1
A11: C010 | B11: Staff 04 | C11: Personal Care | D11: East | E11: 24 | F11: 19 | G11: Completed | H11: Yes | I11: 1
A12: C011 | B12: Staff 05 | C12: Nursing | D12: West | E12: 28 | F12: 26 | G12: Completed | H12: No | I12: 1
A13: C012 | B13: Staff 06 | C13: Personal Care | D13: South | E13: 20 | F13: 20 | G13: Completed | H13: No | I13: 1
... A49: C048 | B49: Staff 06 | C49: Nursing | D49: South | E49: 30 | F49: 28 | G49: Completed | H49: No | I49: 4

Sheet Analysis
A1: Overall Operations
A3: Total Scheduled Hours | B3: =SUM('RAW DATA'!E2:E49) -> 1026
A4: Total Worked Hours | B4: =SUM('RAW DATA'!F2:F49) -> 918
A5: Total Missed Visits | B5: =COUNTIFS('RAW DATA'!H2:H49,"Yes") -> 16
A6: Overall Completion Rate | B6: =B4/B3 -> 0.89473684
A9: Staff Performance
A11: Staff ID | B11: Scheduled Hours | C11: Worked Hours | D11: Missed Visits | E11: Completion Rate | F11: Rank
A12: Staff 01 | B12: =SUMIFS('RAW DATA'!E$2:E$49,'RAW DATA'!B$2:B$49,A12) -> 166 | C12: =SUMIFS('RAW DATA'!F$2:F$49,'RAW DATA'!B$2:B$49,A12) -> 150 | D12: =COUNTIFS('RAW DATA'!B$2:B$49,A12,'RAW DATA'!H$2:H$49,"Yes") -> 2 | E12: =C12/B12 -> 0.90361446 | F12: =_xlfn.RANK.EQ(E12,$E$12:$E$17,0) -> 2
A13: Staff 02 | B13: =SUMIFS('RAW DATA'!E$2:E$49,'RAW DATA'!B$2:B$49,A13) -> 155 | C13: =SUMIFS('RAW DATA'!F$2:F$49,'RAW DATA'!B$2:B$49,A13) -> 134 | D13: =COUNTIFS('RAW DATA'!B$2:B$49,A13,'RAW DATA'!H$2:H$49,"Yes") -> 4 | E13: =C13/B13 -> 0.86451613 | F13: =_xlfn.RANK.EQ(E13,$E$12:$E$17,0) -> 6
A14: Staff 03 | B14: =SUMIFS('RAW DATA'!E$2:E$49,'RAW DATA'!B$2:B$49,A14) -> 150 | C14: =SUMIFS('RAW DATA'!F$2:F$49,'RAW DATA'!B$2:B$49,A14) -> 138 | D14: =COUNTIFS('RAW DATA'!B$2:B$49,A14,'RAW DATA'!H$2:H$49,"Yes") -> 2 | E14: =C14/B14 -> 0.92 | F14: =_xlfn.RANK.EQ(E14,$E$12:$E$17,0) -> 1
A15: Staff 04 | B15: =SUMIFS('RAW DATA'!E$2:E$49,'RAW DATA'!B$2:B$49,A15) -> 179 | C15: =SUMIFS('RAW DATA'!F$2:F$49,'RAW DATA'!B$2:B$49,A15) -> 157 | D15: =COUNTIFS('RAW DATA'!B$2:B$49,A15,'RAW DATA'!H$2:H$49,"Yes") -> 4 | E15: =C15/B15 -> 0.87709497 | F15: =_xlfn.RANK.EQ(E15,$E$12:$E$17,0) -> 5
A16: Staff 05 | B16: =SUMIFS('RAW DATA'!E$2:E$49,'RAW DATA'!B$2:B$49,A16) -> 206 | C16: =SUMIFS('RAW DATA'!F$2:F$49,'RAW DATA'!B$2:B$49,A16) -> 186 | D16: =COUNTIFS('RAW DATA'!B$2:B$49,A16,'RAW DATA'!H$2:H$49,"Yes") -> 2 | E16: =C16/B16 -> 0.90291262 | F16: =_xlfn.RANK.EQ(E16,$E$12:$E$17,0) -> 3
A17: Staff 06 | B17: =SUMIFS('RAW DATA'!E$2:E$49,'RAW DATA'!B$2:B$49,A17) -> 170 | C17: =SUMIFS('RAW DATA'!F$2:F$49,'RAW DATA'!B$2:B$49,A17) -> 153 | D17: =COUNTIFS('RAW DATA'!B$2:B$49,A17,'RAW DATA'!H$2:H$49,"Yes") -> 2 | E17: =C17/B17 -> 0.9 | F17: =_xlfn.RANK.EQ(E17,$E$12:$E$17,0) -> 4
A20: Service Type Analysis
A22: Service Type | B22: Scheduled Hours | C22: Worked Hours | D22: Average Scheduled Hours | E22: Missed Visits
A23: Personal Care | B23: =SUMIFS('RAW DATA'!E$2:E$49,'RAW DATA'!C$2:C$49,A23) -> 449 | C23: =SUMIFS('RAW DATA'!F$2:F$49,'RAW DATA'!C$2:C$49,A23) -> 399 | D23: =AVERAGEIFS('RAW DATA'!E$2:E$49,'RAW DATA'!C$2:C$49,A23) -> 22.45 | E23: =COUNTIFS('RAW DATA'!C$2:C$49,A23,'RAW DATA'!H$2:H$49,"Yes") -> 6
A24: Nursing | B24: =SUMIFS('RAW DATA'!E$2:E$49,'RAW DATA'!C$2:C$49,A24) -> 433 | C24: =SUMIFS('RAW DATA'!F$2:F$49,'RAW DATA'!C$2:C$49,A24) -> 394 | D24: =AVERAGEIFS('RAW DATA'!E$2:E$49,'RAW DATA'!C$2:C$49,A24) -> 25.470588 | E24: =COUNTIFS('RAW DATA'!C$2:C$49,A24,'RAW DATA'!H$2:H$49,"Yes") -> 3
A25: Transportation | B25: =SUMIFS('RAW DATA'!E$2:E$49,'RAW DATA'!C$2:C$49,A25) -> 144 | C25: =SUMIFS('RAW DATA'!F$2:F$49,'RAW DATA'!C$2:C$49,A25) -> 125 | D25: =AVERAGEIFS('RAW DATA'!E$2:E$49,'RAW DATA'!C$2:C$49,A25) -> 13.090909 | E25: =COUNTIFS('RAW DATA'!C$2:C$49,A25,'RAW DATA'!H$2:H$49,"Yes") -> 7
A28: Regional Analysis
A30: Region | B30: Scheduled Hours | C30: Worked Hours | D30: Missed Visits | E30: Completion Rate
A31: East | B31: =SUMIFS('RAW DATA'!E$2:E$49,'RAW DATA'!D$2:D$49,A31) -> 299 | C31: =SUMIFS('RAW DATA'!F$2:F$49,'RAW DATA'!D$2:D$49,A31) -> 273 | D31: =COUNTIFS('RAW DATA'!D$2:D$49,A31,'RAW DATA'!H$2:H$49,"Yes") -> 4 | E31: =C31/B31 -> 0.91304348
A32: West | B32: =SUMIFS('RAW DATA'!E$2:E$49,'RAW DATA'!D$2:D$49,A32) -> 247 | C32: =SUMIFS('RAW DATA'!F$2:F$49,'RAW DATA'!D$2:D$49,A32) -> 212 | D32: =COUNTIFS('RAW DATA'!D$2:D$49,A32,'RAW DATA'!H$2:H$49,"Yes") -> 5 | E32: =C32/B32 -> 0.8582996
A33: North | B33: =SUMIFS('RAW DATA'!E$2:E$49,'RAW DATA'!D$2:D$49,A33) -> 205 | C33: =SUMIFS('RAW DATA'!F$2:F$49,'RAW DATA'!D$2:D$49,A33) -> 184 | D33: =COUNTIFS('RAW DATA'!D$2:D$49,A33,'RAW DATA'!H$2:H$49,"Yes") -> 3 | E33: =C33/B33 -> 0.89756098
A34: South | B34: =SUMIFS('RAW DATA'!E$2:E$49,'RAW DATA'!D$2:D$49,A34) -> 275 | C34: =SUMIFS('RAW DATA'!F$2:F$49,'RAW DATA'!D$2:D$49,A34) -> 249 | D34: =COUNTIFS('RAW DATA'!D$2:D$49,A34,'RAW DATA'!H$2:H$49,"Yes") -> 4 | E34: =C34/B34 -> 0.90545455
A37: Key Findings
A39: Highest Performing Staff | B39: =INDEX(A12:A17,MATCH(LARGE(E12:E17,1),E12:E17,0)) -> Staff 03
A40: Lowest Performing Staff | B40: =INDEX(A12:A17,MATCH(SMALL(E12:E17,1),E12:E17,0)) -> Staff 02
A41: Highest Demand Service | B41: =INDEX(A23:A25,MATCH(LARGE(B23:B25,1),B23:B25,0)) -> Personal Care
A42: Region With Lowest Completion Rate | B42: =INDEX(A31:A34,MATCH(SMALL(E31:E34,1),E31:E34,0)) -> West

Sheet Dashboard
A1: Homecare Operations Dashboard
A3: Total Scheduled Hours | C3: Total Worked Hours | E3: Missed Visits | G3: Completion Rate
A4: =Analysis!B3 -> 1026 | C4: =Analysis!B4 -> 918 | E4: =Analysis!B5 -> 16 | G4: =Analysis!B6 -> 0.89473684
A6: Staff Performance
A8: Staff ID | B8: Completion Rate
A9: Staff 01 | B9: =Analysis!E12 -> 0.90361446 | D9: East | E9: =Analysis!E31 -> 0.91304348
A10: Staff 02 | B10: =Analysis!E13 -> 0.86451613 | D10: West | E10: =Analysis!E32 -> 0.8582996
A11: Staff 03 | B11: =Analysis!E14 -> 0.92 | D11: North | E11: =Analysis!E33 -> 0.89756098
A12: Staff 04 | B12: =Analysis!E15 -> 0.87709497 | D12: South | E12: =Analysis!E34 -> 0.90545455
A13: Staff 05 | B13: =Analysis!E16 -> 0.90291262
A14: Staff 06 | B14: =Analysis!E17 -> 0.9
